# Netlify redirects for ikwe.ai
# Clean URL handling and legacy path redirects

# API Routes (Netlify Functions)
/api/newsletter      /.netlify/functions/newsletter      200
/api/inquiry         /.netlify/functions/inquiry         200
/api/access-request  /.netlify/functions/access-request  200

# Redirect .html extensions to clean paths (301 permanent)
/index.html                 /                          301
/emotional-safety-gap.html  /emotional-safety-gap      301
/research.html              /research                  301
/about.html                 /about                     301
/press.html                 /press                     301
/inquiry.html               /inquiry                   301
/explorer.html              /explorer                  301
/faq.html                   /faq                       301
/blog.html                  /blog                      301
/privacy.html               /privacy                   301
/terms.html                 /terms                     301

# Legacy path redirects
/request-access             /inquiry                   301
/contact                    /inquiry                   301
/gap                        /emotional-safety-gap      301
/findings                   /emotional-safety-gap      301
/methodology                /research                  301
/media                      /press                     301
/questions                  /faq                       301
/updates                    /blog                      301
/news                       /blog                      301

# Serve clean paths as HTML files (200 rewrite, not redirect)
/emotional-safety-gap       /emotional-safety-gap.html 200
/research                   /research.html             200
/about                      /about.html                200
/press                      /press.html                200
/inquiry                    /inquiry.html              200
/explorer                   /explorer.html             200
/faq                        /faq.html                  200
/blog                       /blog.html                 200
/privacy                    /privacy.html              200
/terms                      /terms.html                200
